calories,carbohydrates,cholesterol,cook_time,course,cuisine,description,fat,fiber,full_name,image_url,ingredient_count,ingredients,instructions,monounsaturated_fat,notes,polyunsaturated_fat,potassium,prep_time,protein,recipe_id,saturated_fat,serving,sodium,sugar,title
146,11,15,0,Appetizer,American,"This sweet and spicy , ,is the perfect appetizer. Made with feta cheese, cottage cheese, simple spices and a drizzle of hot honey, this creamy appetizer is perfectly paired with pita chips, veggies or as a spread on a sandwich.",8,,Sweet Heat Whipped Feta Dip with Cottage Cheese,https://ohsnapmacros.com/wp-content/uploads/2024/10/fetadip-10-300x300.jpg,12,"[{'amount': '8', 'unit': 'oz.', 'name': 'feta cheese, block or crumbled ', 'notes': 'full fat '}, {'amount': '1/3', 'unit': 'cup', 'name': 'low fat cottage cheese (drain excess water, if needed)', 'notes': '88g'}, {'amount': '2', 'unit': 'Tbsp.', 'name': 'lemon juice', 'notes': None}, {'amount': '2', 'unit': 'Tbsp.', 'name': 'olive oil', 'notes': None}, {'amount': '1/4', 'unit': 'tsp.', 'name': 'sea salt', 'notes': None}, {'amount': '1/4', 'unit': 'tsp.', 'name': 'black pepper', 'notes': None}, {'amount': '1', 'unit': 'Tbsp. ', 'name': 'milk ', 'notes': 'any milk works! '}, {'amount': '4', 'unit': 'Tbsp.', 'name': 'hot honey', 'notes': None}, {'amount': '1', 'unit': 'Tbsp.', 'name': 'chopped chives', 'notes': None}, {'amount': '1/4', 'unit': 'tsp.', 'name': 'crushed red pepper flakes', 'notes': None}, {'amount': '1/4', 'unit': 'tsp.', 'name': 'black pepper', 'notes': None}, {'amount': '1/4', 'unit': 'tsp.', 'name': 'black sesame seeds', 'notes': None}]","Add the feta, cottage cheese, lemon juice, olive oil, sea salt and black pepper to a food processor. Blend for 5 minutes until fully combined and smooth. Add the milk and blend again for another 3-5 minutes. This will help get that final smooth whip we want. ,Place the dip in the refridgerator to set for 2 hours prior to serving. The longer the better so it can thicken. ,Once thickened, pour the feta mixture into a serving dish.,Drizzle the hot honey over the whipped feta and sprinkle the chives, red pepper flakes, sesame seeds and black pepper on top. ",,,2,6,10,7,52905,4,8,341,8,Whipped Feta Dip
299,21,9,,"Salad, Side Dish",American,"This , makes the perfect side dish to your dinner party or holiday meal. It's an elegant salad with the perfect combination of flavors and textures from peppery arugula, crisp pears, crunchy walnuts and creamy feta cheese. It comes together quickly and is a perfect dish for special occasions. ",22,5,Rocket Fennel and Pear Salad,https://ohsnapmacros.com/wp-content/uploads/2024/10/rocketpearsalad-300x300.jpg,12,"[{'amount': '6', 'unit': 'cups', 'name': 'spring mix with arugula (rocket salad)', 'notes': None}, {'amount': '1', 'unit': 'medium', 'name': 'ripe pear', 'notes': None}, {'amount': '1', 'unit': None, 'name': 'shallot, thinly sliced', 'notes': None}, {'amount': '1/3', 'unit': 'cup', 'name': 'feta cheese, crumbled', 'notes': None}, {'amount': '1/3', 'unit': 'cup', 'name': 'walnuts, chopped', 'notes': None}, {'amount': '1', 'unit': None, 'name': 'fennel bulb, thinly sliced ', 'notes': None}, {'amount': '1/3', 'unit': 'cup', 'name': 'olive oil', 'notes': None}, {'amount': '1/4', 'unit': 'cup', 'name': 'apple cider vinegar', 'notes': None}, {'amount': '1', 'unit': 'tsp.', 'name': 'dijon mustard', 'notes': None}, {'amount': '1', 'unit': 'Tbsp.', 'name': 'honey', 'notes': None}, {'amount': '1/4', 'unit': 'tsp.', 'name': 'sea salt', 'notes': None}, {'amount': '1/4', 'unit': 'tsp.', 'name': 'black pepper', 'notes': None}]","To prepare the dressing, add all dressing ingredients (olive oil, apple cider vinegar, dijon mustard, honey, sea salt, black pepper) to a small jar. Secure lid onto the jar and shake well until all of the ingredients are combined. Set aside.,Thinly slice pears, set aside. Add mixed greens to a large serving dish. Add pears, shallots, feta cheese, walnuts and fennel on top.,Generously pour dressing over the top of the salad. Gently toss salad ingredients with the dressing until everything is evenly coated. Serve immediately. ",11,,5,350,15,6,53489,4,5,202,12,Rocket Pear Salad
327,26,5,35,Side Dish,American,"A nutrient powerhouse, this , is one to add to your holiday or meal prep menu. It's loaded with crispy quinoa, fresh roasted kale, feta cheese and peptias and topped with a creamy lemon dressing that wraps this delicious salad with a bow.  ",24,6,Crispy Quinoa Kale and Apple Salad with Chili Oil,https://ohsnapmacros.com/wp-content/uploads/2024/10/crispyquinoakalesalad-20-300x300.jpg,19,"[{'amount': '1', 'unit': 'cup', 'name': 'cooked and cooled quinoa', 'notes': None}, {'amount': '2', 'unit': 'Tbsp. ', 'name': 'chili oil ', 'notes': '*'}, {'amount': '1/2', 'unit': 'tsp. ', 'name': 'salt', 'notes': None}, {'amount': '1/2', 'unit': 'tsp.', 'name': 'ground cinnamon', 'notes': None}, {'amount': '8 ', 'unit': 'cups', 'name': 'roughly chopped kale', 'notes': 'ribs removed'}, {'amount': '1', 'unit': 'Tbsp. ', 'name': 'extra virgin olive oil', 'notes': None}, {'amount': '1/2', 'unit': 'tsp.', 'name': 'salt', 'notes': None}, {'amount': '1/4', 'unit': 'tsp.', 'name': 'black pepper', 'notes': None}, {'amount': '1', 'unit': None, 'name': 'avocado ', 'notes': 'peeled and sliced thin'}, {'amount': '1', 'unit': 'small', 'name': 'shallot', 'notes': 'thily sliced '}, {'amount': '1', 'unit': 'small', 'name': 'apple', 'notes': 'thinly sliced'}, {'amount': '1/4', 'unit': 'cup', 'name': 'dried cranberries', 'notes': None}, {'amount': '1/4', 'unit': 'cup', 'name': 'pepitas', 'notes': 'pumpkin seeds'}, {'amount': '3', 'unit': 'Tbsp. ', 'name': 'feta cheese, crumbled', 'notes': None}, {'amount': '2', 'unit': 'Tbsp.', 'name': 'extra virgin olive oil', 'notes': None}, {'amount': '1', 'unit': 'Tbsp.', 'name': 'balsamic glaze', 'notes': '**'}, {'amount': '1', 'unit': None, 'name': 'lemon, juiced', 'notes': None}, {'amount': '1/4', 'unit': 'tsp.', 'name': 'salt', 'notes': None}, {'amount': '1/8', 'unit': 'tsp.', 'name': 'black pepper ', 'notes': None}]","Preheat the oven to 400 degrees Fahrenheit. Line two rimmed baking sheets with parchment paper.,Spread the quinoa on the first baking sheet and toss with 2 tablespoons chili oil, 1/2 teaspoon salt, and 1/8 teaspoon ground cinnamon. Roast in the preheated oven for 15 minutes. Stir and shake the pan, then return to the oven for another 5 to 10 minutes, until golden brown. Set aside to cool.,Toss the kale leaves with 1 tbsp. olive oil, 1/2 teaspoon salt, and 1/4 teaspoon black pepper. Transfer to the second baking sheet and arrange in a single layer. Add to the oven when the quinoa is nearly done and roast for 8 to 10 minutes, stirring once, until softened and crisped.***,Prepare the salad dressing by whisking all the ingredients together until emulsified.,Assemble the salad by transferring the kale to a large serving bowl and topping it with avocado, shallot, apple, cranberries, pepitas, and feta. Drizzle the dressing over the salad and top with the crispy quinoa. Mix and serve immediately.",,,,460,10,6,53739,4,5,110,11,Crispy Quinoa Kale Salad
56,16,,2,Drinks,American,"This , is the perfect drink for holiday celebrations. Made with unsweetened cranberry juice, soda water and homemade rosemary simple syrup, this 60 calorie non-alcoholic drink can be shared with everyone. Hangover not included.",,,Cranberry Lime Mocktail with Easy Rosemary Simple Syrup,https://ohsnapmacros.com/wp-content/uploads/2024/09/cranberrylimemocktail-1-1-300x300.jpg,11,"[{'amount': '1/4', 'unit': 'cup', 'name': 'water', 'notes': None}, {'amount': '1/4', 'unit': 'cup', 'name': 'white sugar ', 'notes': None}, {'amount': '1', 'unit': 'sprig ', 'name': 'fresh rosemary ', 'notes': None}, {'amount': '1 ½', 'unit': 'tsp.', 'name': 'rosemary syrup', 'notes': None}, {'amount': '1', 'unit': 'Tbsp.', 'name': 'freshly squeeze lime juice', 'notes': None}, {'amount': '1/3', 'unit': 'cup', 'name': 'pure unsweetened cranberry juice', 'notes': None}, {'amount': '1/4-1/2', 'unit': 'cup', 'name': 'lime or lemon flavored sparkling water or seltzer', 'notes': None}, {'amount': None, 'unit': None, 'name': 'ice, as needed', 'notes': None}, {'amount': None, 'unit': None, 'name': 'rosemary ', 'notes': None}, {'amount': None, 'unit': None, 'name': 'lime slices ', 'notes': None}, {'amount': None, 'unit': None, 'name': 'fresh cranberries ', 'notes': None}]","Make a rosemary simple syrup by adding the water, granulated sugar, and rosemary to a small pot or saucepan. Set it over medium heat. Stir frequently to encourage the sugar to dissolve. Once the syrup just begins to simmer, remove it from the heat. Set it aside for 30 minutes to cool and allow the rosemary to further infuse its flavor. After 30 minutes, strain out the rosemary and bottle the syrup. Keep leftovers in the refrigerator for up to 2 weeks. ,Add 1 ½ teaspoons of the rosemary simple syrup to a rocks glass or short tumbler along with the lime juice and the cranberry juice. Stir to combine.,Fill the glass ½ to ¾ full of ice.,Top the drink with ¼ to ½ cup lime flavored sparkling water. ,If you prefer, you can garnish the mocktail with a rosemary sprig, a lime slice, and fresh cranberries before enjoying. ",,,,83,30,,52472,,1,2,14,Cranberry Lime Mocktail
393,54,88,20,Dessert,American,"This , is the perfect holiday dessert. Spiced with nutmeg, cinnamon and vanilla, the creamy sweet potato filling is decadent, rich and easy to make. No one will even notice the store-bought pie dough to help save on time and ensure a perfect flaky crust. Serve this pie with whipped cream and cinnamon for a beautiful holiday pie. ",19,3,Simple Sweet Potato Pie (store-bought crust),https://ohsnapmacros.com/wp-content/uploads/2024/10/sweetpotatopie-300x300.jpg,11,"[{'amount': '2', 'unit': 'lbs.', 'name': 'sweet potatoes', 'notes': 'approx 3 medium sweet potatoes'}, {'amount': '1/2', 'unit': 'cup', 'name': 'unsalted butter', 'notes': 'softened'}, {'amount': '1/2', 'unit': 'cup', 'name': 'light brown sugar', 'notes': 'packed'}, {'amount': '1/2', 'unit': 'cup', 'name': 'granulated sugar', 'notes': None}, {'amount': '2', 'unit': 'eggs', 'name': 'room temperature ', 'notes': None}, {'amount': '1/3', 'unit': 'cup', 'name': 'whole milk', 'notes': None}, {'amount': '1 1/2', 'unit': 'tsp.', 'name': 'vanilla extract', 'notes': None}, {'amount': '1/2', 'unit': 'tsp.', 'name': 'salt', 'notes': None}, {'amount': '1/2', 'unit': 'tsp.', 'name': 'cinnamon', 'notes': None}, {'amount': '1/4', 'unit': 'tsp.', 'name': 'nutmeg', 'notes': None}, {'amount': '1', 'unit': None, 'name': 'refrigerated pie crust', 'notes': None}]","Preheat oven to 400 degrees Fahrenheit.  Poke several holes in the potatoes with a fork.  Place potatoes on a baking sheet, bake until fork tender, about one hour.  Remove from oven and allow to cool for 5-10 minutes.,While the potatoes cool blind bake the pie crust. Roll the pie crust into a 9-inch pie plate and line with parchment paper or foil, fill it with pie weights or even raw beans.  Bake for 15-20 minutes, remove from the oven, carefully remove the pie weights, and set aside to cool.,Reduce oven temperature to 350 degrees Fahreneight.,Remove the skin from the cooked sweet potatoes, with a knife remove any scorched flesh or dark areas.,Add potatoes to the bowl of a food processor, and blend until the potatoes are pureed.  Or mash with a potato masher or ricer, until no large lumps remain. You should have 2 ¼ to 2 ½ cups of potato puree.,In a large bowl add the puree and softened butter.  Stir until the butter is melted and thoroughly incorporated.,Add brown sugar, white sugar, salt, cinnamon, and nutmeg and stir to combine.,Add the eggs, milk, and vanilla extract, stirring with a whisk until fully incorporated.,Pour the mixture into the par baked pie crust.  Bake for 1 hour, or until pie is puffed up and the center wiggles slightly.  Tent crust with foil the final 15 minutes of baking if it is getting too browned.,Remove the pie from the oven and cool for an hour, refrigerate until ready to serve.",6,,1,37,25,4,52627,10,8,413,33,Sweet Potato Pie
120,4,21,,Appetizer,American," has everything you love about a blue cheese stuffed dirty martini but in dip form. This creamy appetizer is great for parties, special events or when you want a dirty martini with more protein and no tini. ",8,,High Protein Blue Cheese Stuffed Dirty Martini Dip,https://ohsnapmacros.com/wp-content/uploads/2024/11/Dirtymartinidip10-300x300.jpg,8,"[{'amount': '2', 'unit': 'cups', 'name': 'low-fat cottage cheese', 'notes': '440g'}, {'amount': '4', 'unit': 'oz.', 'name': 'less fat cream cheese', 'notes': 'softened '}, {'amount': '1/4', 'unit': 'cup', 'name': 'non-fat plain greek yogurt', 'notes': '56g'}, {'amount': '1/4', 'unit': 'tsp.', 'name': 'garlic', 'notes': None}, {'amount': None, 'unit': None, 'name': 'fresh black pepper', 'notes': None}, {'amount': '3', 'unit': 'Tbsp.', 'name': 'green olive juice', 'notes': None}, {'amount': '1', 'unit': 'cup', 'name': 'pimento-stuffed green olives, chopped', 'notes': '5.75 oz container'}, {'amount': '2', 'unit': 'oz.', 'name': 'blue cheese crumbles ', 'notes': None}]","In a medium mixing bowl combine the cottage cheese, softened cream cheese, greek yogurt, garlic powder, pepper and olive juice. Mix to combine until the cream cheese is fully combined into the mixture and no chunks remain. (See note below on blending.),Fold in the chopped green olives and blue cheese. Transfer to a sealable container and store in the fridge overnight or at least 4 hours. This allows the flavors to meld and the dip to thicken.,When ready to serve, transfer mixture to a serving bowl and top with additional green olives for garnish and blue cheese crumbles. Serve with pita chips, veggies and/or wheat thins. ",,,,52,10,10,54287,3,8,617,2,Dirty Martini Dip
65,18,,1,Drinks,drinks,"This , is perfect for hot summer days or your next spring get together. With a fizzy taste and tart flavor, this virgin sangria recipe is a blend of grape juice, soda water and fresh fruit and is guaranteed to please the crowd. ",,,White Sparkling Sangria Mocktail,https://ohsnapmacros.com/wp-content/uploads/2023/12/sangriamocktail-300x300.jpg,7,"[{'amount': '3', 'unit': 'cups', 'name': 'white grape juice', 'notes': None}, {'amount': '6', 'unit': 'Tbsp.', 'name': 'freshly squeezed lemon juice', 'notes': None}, {'amount': '3/4', 'unit': 'cup', 'name': 'sliced strawberries', 'notes': 'plus extra for garnish'}, {'amount': '2', 'unit': 'small', 'name': 'lemons', 'notes': 'sliced'}, {'amount': '1', 'unit': None, 'name': 'orange', 'notes': 'sliced'}, {'amount': '4', 'unit': 'cups', 'name': 'plain sparkling water', 'notes': 'or seltzer'}, {'amount': None, 'unit': None, 'name': 'Ice', 'notes': None}]","Add the white grape juice, lemon juice, sliced strawberries, sliced lemons, and sliced orange to a large pitcher. Stir to combine. Cover and refrigerate overnight or for at least 6-8 hours.,When you’re ready to serve, add the sparkling water to the pitcher. Stir gently, making sure not to break up the fruit. ,Fill wine glasses or rocks glasses three quarters full of ice, then pour the sangria over the ice. ,If desired, you can use extra fruit to garnish each drink. ",,,,85,5,1,42690,,8,6,15,White Sangria Mocktail
228,34,4,,Main Course,American,"This higher protein , is silky, light and full of fall flavors. Made with roasted vegetables, herbs and spices this , soup packs a punch of cream with cottage cheese for protein and richness. It's a wonderful easy recipe that's both simple and satisfying. ",4.4,3,Roasted Garlic Butternut Squash and Red Pepper Soup (13g protein),https://ohsnapmacros.com/wp-content/uploads/2024/10/butternutsquashsoup-300x300.jpg,14,"[{'amount': '2', 'unit': None, 'name': 'red bell peppers ', 'notes': ""chopped, 2' pieces""}, {'amount': '20', 'unit': 'oz.', 'name': 'frozen cubed butternut squash', 'notes': 'or fresh'}, {'amount': '6', 'unit': 'small', 'name': ' garlic cloves ', 'notes': 'peeled'}, {'amount': '1', 'unit': 'Tbsp.', 'name': 'olive oil', 'notes': None}, {'amount': '1', 'unit': 'tsp.', 'name': 'salt', 'notes': None}, {'amount': None, 'unit': None, 'name': 'fresh cracked black pepper', 'notes': None}, {'amount': '4', 'unit': 'cups', 'name': 'chicken bone broth', 'notes': '32 oz'}, {'amount': '1/2', 'unit': 'cup', 'name': 'low-fat cottage cheese', 'notes': '110g'}, {'amount': '1', 'unit': 'tsp.', 'name': 'salt', 'notes': None}, {'amount': '1', 'unit': 'tsp.', 'name': 'onion powder', 'notes': None}, {'amount': '1-2', 'unit': 'tsp.', 'name': 'garlic powder', 'notes': '*see notes'}, {'amount': '1/2', 'unit': 'tsp.', 'name': 'ground ginger', 'notes': None}, {'amount': '2', 'unit': 'Tbsp.', 'name': None, 'notes': None}, {'amount': None, 'unit': None, 'name': 'fresh cracked pepper', 'notes': None}]","Preheat the oven to 400 degrees fahrenheit. Add the bell peppers, butternut squash and garlic to a large sheet pan. Drizzle the olive oil, salt and pepper over the top and mix to combine and coat. Roast in the oven for 40-45 minutes or until the bell peppers are nice and chared and soft. ,Remove the peppers and squash from the oven and scoop into a large high speed blender. Add 1 cup bone broth and the cottage cheese and blend for approximately 5 minutes or until everything is smooth and well blended.,Over medium heat, add the blended peppers and squash to a large dutch oven or soup pot. Pour 2 cups of the broth into the blender and swish around, this is how you’ll get all the blended mixture out, and pour into the dutch oven. ,Add the remaining broth, salt, onion powder, garlic powder, ginger, coconut aminos and lots of fresh cracked pepper. Bring to a simmer and simmer until it’s warmed through while whisking to ensure the mixture incorporates into the broth. ,Serve topped with blended cottage cheese for extra creaminess, or cream, croutons, fresh basil or chopped green onions and a dash of red pepper flakes for some heat is desired.",2.5,,0.5,461,10,13,52533,0.9,4,1479,10,Butternut Squash and Red Pepper Soup
385,35,29,40,"Breakfast, Main Course, Side Dish",American,"This , is a recipe favorite for parties, bridal showers, Mother's Day and Sunday brunch. Made with a flaky pie crust, egg whites and crispy bacon, this quiche is easy to make and delicious.",22,,Easy Bacon and Mushroom Egg White Breakfast Quiche,https://ohsnapmacros.com/wp-content/uploads/2024/04/Baconandmushroomquiche-14-300x300.jpg,8,"[{'amount': '1', 'unit': None, 'name': 'pie crust', 'notes': 'store-bought'}, {'amount': '6', 'unit': 'pieces', 'name': None, 'notes': 'cooked and chopped'}, {'amount': '8', 'unit': 'oz.', 'name': 'cremini mushrooms', 'notes': 'sliced'}, {'amount': '2', 'unit': 'cloves', 'name': 'garlic', 'notes': 'minced'}, {'amount': '1 1/2', 'unit': 'cups', 'name': 'liquid egg whites', 'notes': '350g'}, {'amount': '1/2', 'unit': 'cup', 'name': 'low fat milk', 'notes': '120g'}, {'amount': '1/2', 'unit': 'cup', 'name': 'mozzarella cheese, shredded', 'notes': '56g'}, {'amount': None, 'unit': None, 'name': 'salt and black pepper ', 'notes': None}]","Pre-heat oven according to pie crust package. Place one pie crust in a pie dish, poke a few holes in the bottom and bake 1/2 the recommended time. Example: if the package asks to bake at 425F for 12 minutes, cook at 425F for 6 minutes.,When the crust is done cooking, remove from the oven and lower the temperature to 350 degrees Fahrenheit. ,While the pie crust bakes, cook the bacon until cooked through and browned. Chop into bite size pieces. ,Drain the excess bacon fat from the pan and in the same pan sautee the garlic and mushrooms over medium heat until the mushrooms are soft and browned. Return the chopped bacon to the pan and mix to combine and remove from the heat. ,In a bowl whisk together egg whites, milk, cheese, salt and pepper.,Place the sautéed mushrooms and bacon in the pie dish on top of the pie crust and evenly coat the bottom.,Pour egg mixture over the bacon mixture. Be sure the cheese does not pool to the middle of the quiche, use a spoon to move around as needed.,Bake at 350F for 35-40 minutes or longer until the egg its fully cooked and toothpick comes out clean. Note, bake times will vary oven to oven.,Slice into 6 equal slices and enjoy!",8,,2,213,15,13,44704,9,6,675,2,Bacon and Mushroom Quiche
62,6,6,0,"Appetizer, Snack",American,"This , is made with simple ingredients like Greek yogurt, cottage cheese, spinach and flavorful spices. This healthier option to a classic dip is low in fat, high in protein and perfect for game days, parties or when you want a healthy snack. Serve this great dip with pita chips, fresh veggies or fresh bread.",1,1,Low Fat Cottage Cheese Spinach Dip,https://ohsnapmacros.com/wp-content/uploads/2024/07/cottagecheesespinachdip-10-300x300.jpg,8,"[{'amount': '16', 'unit': 'oz.', 'name': 'low-fat cottage cheese', 'notes': None}, {'amount': '1/2', 'unit': 'cup', 'name': 'non-fat plain Greek yogurt', 'notes': '112g'}, {'amount': '10', 'unit': 'oz.', 'name': 'frozen chopped spinach', 'notes': 'cooked, cooled and squeezed dry'}, {'amount': '1', 'unit': 'package', 'name': 'Knorr Vegetable Recipe Mix', 'notes': None}, {'amount': '8', 'unit': 'oz', 'name': 'water chestnuts', 'notes': 'drained and chopped'}, {'amount': '3', 'unit': None, 'name': 'green onions', 'notes': 'chopped'}, {'amount': '1/2', 'unit': 'tsp.', 'name': 'garlic powder ', 'notes': None}, {'amount': None, 'unit': None, 'name': 'salt and black pepper', 'notes': 'to taste'}]","In a high-speed blender add the cottage cheese and Greek yogurt. Blend until smooth and no chalkiness from the cottage cheese remains approx 5 minutes. ,Remove the blade and add the remaining ingredients directly to the blender, this helps to ensure you get all the cottage cheese mixture out easier. Combine with a rubber spatula and transfer to a large bowl. ,Cover and refrigerate for 2 hours before serving. Adjust with salt and pepper or additional garlic powder to taste. ,Optional! You can add 1-2 tsp of honey to cut the taste of the Greek yogurt some if it’s too tart for you. ",,to taste,,115,5,7,48729,0.5,11,390,3,Cottage Cheese Spinach Dip
83,5,12,12,Dessert,American,"These , are soft and chewy with a delicious nutty flavor. Gluten and dairy-free and only 83 calories each, these cookies are easy to throw together in just one bowl and a perfect snack or lunch box addition throughout the week. ",6,1,Almond Flour Peanut Butter Cookies (gluten and dairy-free),https://ohsnapmacros.com/wp-content/uploads/2024/10/almondflourpeanutbuttercookies10-300x300.jpg,8,"[{'amount': '1/2', 'unit': 'cup', 'name': 'natural peanut butter', 'notes': '128g'}, {'amount': '1/4', 'unit': 'cup', 'name': 'light brown sugar, lightly packed', 'notes': '48g'}, {'amount': '1/4', 'unit': 'cup', 'name': 'granulated sugar', 'notes': '48g'}, {'amount': '1', 'unit': 'large', 'name': 'egg', 'notes': None}, {'amount': '1', 'unit': 'tsp.', 'name': 'pure vanilla extract', 'notes': None}, {'amount': '1/4', 'unit': 'tsp.', 'name': 'salt', 'notes': None}, {'amount': '1/4', 'unit': 'tsp.', 'name': 'baking powder', 'notes': None}, {'amount': '1/2', 'unit': 'cup', 'name': 'almond flour', 'notes': '60g'}]","Preheat the oven to 350 degrees and line a large baking sheet with parchment paper. ,Beat together the peanut butter, sugars, egg, vanilla, and salt in a stand mixer or with an electric mixer until combined. The mixture will be smooth and fairly thick. Add the almond flour and baking powder and mix until you have a stiff and tacky cookie dough. ,Scoop rounded tablespoons of the dough then roll it into a ball with your hands. Place the cookie dough balls about 1 ½ inches apart on the lined baking sheet. Use a dinner fork dipped in cold water to create a criss-cross pattern and flatten the top of each cookie. To ensure the fork doesn’t stick, make sure to dip it into cold water between each cookie and use a rocking motion rather than trying to lift it straight up. ,Bake the cookies for 10-12 minutes until they are just turning golden around the edges. Cool the cookies on the pan for at least 10 minutes before moving them to a cooling rack.",3,60g,1,90,10,3,52841,1,18,68,4,Almond Flour Peanut Butter Cookies
133,16,22,15,Dessert,American,"These , are soft and chewy with chunks of dark chocolate perfectly paired with a deep coffee flavor. Perfect for coffee lovers with a sweet tooth, these easy to make cookies are ready in about 25 minutes in one bowl with simple ingredients. ",7,1,Dark Chocolate Coffee Cookies,https://ohsnapmacros.com/wp-content/uploads/2024/11/coffeecookies26-300x300.jpg,12,"[{'amount': '1/2', 'unit': 'cup', 'name': 'unsalted butter', 'notes': 'softened'}, {'amount': '1/2', 'unit': 'cup', 'name': 'granulated sugar', 'notes': '96g'}, {'amount': '1/2', 'unit': 'cup', 'name': 'light brown sugar', 'notes': '96g'}, {'amount': '1', 'unit': 'large', 'name': 'egg', 'notes': 'room temperature'}, {'amount': '3/4', 'unit': 'Tbsp.', 'name': 'espresso powder', 'notes': None}, {'amount': '1 ½', 'unit': 'tsp.', 'name': 'vanilla extract', 'notes': None}, {'amount': '1 ¾', 'unit': 'cups', 'name': 'all-purpose flour', 'notes': '210g'}, {'amount': '1/2', 'unit': 'tsp.', 'name': 'baking powder', 'notes': None}, {'amount': '1/4', 'unit': 'tsp.', 'name': 'baking soda', 'notes': None}, {'amount': '1/2', 'unit': 'tsp.', 'name': 'salt', 'notes': None}, {'amount': '1', 'unit': '(3.5 oz.)', 'name': 'dark chocolate bar, roughly chopped into bite-sized chunks', 'notes': '90g'}, {'amount': None, 'unit': None, 'name': 'flaky sea salt, for sprinkling on top', 'notes': None}]","Preheat the oven to 350 degrees. Line two baking sheets with parchment paper. ,Cream the butter for 1 minute in a stand mixer or with a hand mixer. Scrape the sides of the bowl down, then add both sugars and cream for 2-3 minutes until the mixture looks fluffy. Mix in the egg until incorporated, then add the espresso powder and vanilla and mix well.,In a separate medium bowl, whisk together the flour, baking powder, baking soda, and salt. Add the flour to the butter mixture, mixing until just combined. Fold in the dark chocolate chunks by hand, I like to keep chocolate 2 squares to break and press into the tops of the cookies after scooping.,Scoop up 2 tablespoon-sized portions of dough (or use a 1-ounce sized cookie scoop) and place the dough on the prepared baking sheet at least 2-inches apart. Add the reserved chocolate chunks. Sprinkle a pinch of flaky sea salt on top of each cookie.,Bake the cookies for 12-14 minutes in the preheated oven or until the edges are just beginning to turn golden. To ensure a soft and chewy texture, rap the baking sheet on the counter firmly once or twice to deflate the baked cookies. Cool the cookies on the pan for 10 minutes before moving them to a cooling rack.",1,,,32,10,2,52978,4,19,87,7,Coffee Cookies
233,33,46,,Side Dish,American,"This gluten-free , is a holiday season must! Fresh sweet potatoes, warming spices, and a honey walnut topping make this a perfect side dish for any table. This easy, lightened up casserole is a sweet and savory twist on a holiday favorite.",9,5,Gluten-Free Sweet Potato Casserole with Honey Walnut Topping,https://ohsnapmacros.com/wp-content/uploads/2023/10/gfsweetpotatocasserole-20-300x300.jpg,13,"[{'amount': '3.5', 'unit': 'lbs.', 'name': 'sweet potatoes (4-5 potatoes)', 'notes': 'peeled and cut into chunks'}, {'amount': '3', 'unit': 'Tbsp.', 'name': 'butter or coconut oil', 'notes': None}, {'amount': '1/4', 'unit': 'cup', 'name': 'almond milk', 'notes': 'almond, coconut or regular based on preference'}, {'amount': '2', 'unit': 'large', 'name': 'eggs', 'notes': None}, {'amount': '1/3', 'unit': 'cup', 'name': 'honey', 'notes': '113g'}, {'amount': '1', 'unit': 'tsp.', 'name': 'pure vanilla extract', 'notes': None}, {'amount': '1', 'unit': 'tsp.', 'name': 'salt', 'notes': None}, {'amount': '1/2', 'unit': 'tsp.', 'name': 'ground cinnamon', 'notes': None}, {'amount': '1/4', 'unit': 'tsp.', 'name': 'ground nutmeg', 'notes': None}, {'amount': '1/2', 'unit': 'cup', 'name': 'chopped walnuts', 'notes': '60g'}, {'amount': '2', 'unit': 'Tbsp.', 'name': 'honey', 'notes': '42g'}, {'amount': '1/2 ', 'unit': 'tsp.', 'name': 'ground cinnamon', 'notes': None}, {'amount': '1/4', 'unit': 'tsp.', 'name': 'salt', 'notes': None}]","Preheat your oven to 375 degrees Fahrenheit and grease a 9×13-inch casserole dish.  ,In a large pot, cover the sweet potato chunks with water. Bring to a boil, then reduce the heat and simmer until the sweet potatoes are tender when poked with a fork (about 20-25 minutes). Drain and let them cool for a few minutes.,In a large bowl, mash the sweet potatoes with a potato masher or hand-held mixer ensuring a smooth texture. For best results on a super creamy texture, use a hand mixer.,Add butter, milk, eggs, honey, vanilla extract, salt, cinnamon, and nutmeg to the mashed sweet potatoes. Mix until well combined. Transfer the sweet potato mixture into a greased 9×13-inch baking dish.,In a separate bowl, combine the walnuts and honey and mix to evenly combine. Evenly sprinkle the walnuts over the sweet potato mixture followed by cinnamon and salt. I like to pour the cinnamon in my palm and evenly spread it over the top. You will need to work the nuts around the top as they will be sticky. ,Bake in the preheated oven for 25-30 minutes, or until the topping is golden and the casserole is hot. Remove from the oven, serve and enjoy.",2,,3,447,15,5,35475,3,10,293,18,Sweet Potato Casserole
99,20,,12,Dessert,American,"These , are a lazy baker's dream!  They're the easiest cookies with just 4 simple ingredients to make a rich, chocolatey, chewy dessert. Perfect for snacking or sharing, you're going to love this cake mix cookie recipe. ",2,,Easy Chocolate Crinkle Cool Whip Cake Mix Cookies,https://ohsnapmacros.com/wp-content/uploads/2023/10/coolwhipcookies-300x300.jpg,4,"[{'amount': '1', 'unit': 'box', 'name': 'Triple Chocolate Fudge Cake Mix', 'notes': '13.25 oz.'}, {'amount': '8 ', 'unit': 'oz.', 'name': 'Zero Sugar Cool Whip', 'notes': 'defrosted '}, {'amount': '1/4', 'unit': 'cup', 'name': 'unsweetened applesauce ', 'notes': None}, {'amount': '1/2', 'unit': 'cup', 'name': 'powdered sugar', 'notes': 'or sugar substitute'}]","Preheat the oven to 350 degrees Fahrenheit and line a baking sheet with parchment paper. ,In a large mixing bowl, combine the cake mix, cool whip and applesauce and mix until fully combined. This dough will be super sticky. ,Pour the powdered sugar in a separate bowl, you will roll the dough in the sugar. ,Using a 1 Tbsp. cookie scoop, scoop a ball of dough out and drop it into the bowl of sugar. ,Roll the ball in the sugar to fully coat and place on the lined baking sheet.,Repeat for all 24 cookies. Leave a couple inches between each cookie on the cookie sheet as these will spread a bit.,Bake for 12 minutes until mostly set in the middle of the cookies.,Cool on the baking sheet for a few minutes before moving to a cooling rack to completely cool.",,or sugar substitute,,46,5,1,37630,1,24,158,10,Chocolate Cool Whip Cookies
189,16,33,40,"Appetizer, Side Dish",American,"This , is sweet, creamy, cheesy, and perfectly crunchy. This easy recipe is made with a corn and cream cheese base with crunchy crackers on top. The perfect side dish for sharing, this delicious dish is also a great holiday season appetizer dip! ",12,2,Creamy Low-Carb Corn Casserole with Green Chiles,https://ohsnapmacros.com/wp-content/uploads/2023/10/corncasserole-16-300x300.jpg,10,"[{'amount': '2', 'unit': 'cans', 'name': 'whole kernel corn', 'notes': 'drained, 15.25 oz each'}, {'amount': '1', 'unit': 'can', 'name': 'chopped green chilies', 'notes': 'undrained, 4.5 oz'}, {'amount': '1/2', 'unit': 'cup', 'name': 'low-fat 2% milk', 'notes': None}, {'amount': '1', 'unit': 'cup', 'name': '1/3 less fat cream cheese', 'notes': 'softened, 8 oz.'}, {'amount': '2', 'unit': 'Tbsp.', 'name': 'unsalted butter', 'notes': 'melted'}, {'amount': '1/2', 'unit': 'cup', 'name': 'reduced fat sharp cheddar cheese', 'notes': 'shredded, 56g'}, {'amount': '1/2', 'unit': 'cup', 'name': 'Monterey Jack cheese', 'notes': 'shredded, 56g'}, {'amount': '1/2', 'unit': 'tsp.', 'name': 'salt', 'notes': None}, {'amount': '1/2 ', 'unit': 'tsp.', 'name': 'black pepper', 'notes': None}, {'amount': '1', 'unit': 'cup', 'name': 'whole grain Triscuit crackers', 'notes': 'crushed, 56g'}]","Preheat your oven to 350 degrees Fahrenheit. Prepare an 9×13 casserole dish with cooking spray. Melt butter in a microwave-safe dish. ,In a large bowl, combine the corn, green chilies, milk, cream cheese, melted butter, half of the cheddar cheese, half of the Monterey Jack cheese, salt, and pepper. Stir this cream cheese mixture until everything is well mixed.,Pour the corn mixture into a prepared 9 x 13 inch casserole dish. Sprinkle the remaining cheddar and Monterey Jack cheeses on top, then sprinkle the crushed crackers on top of the casserole. Top with a dash of extra salt and pepper.,Bake in the preheated oven for 35-40 minutes, until the casserole is hot, bubbly, and golden brown. Let the casserole cool for a few minutes before serving.,Garnish with fresh cilantro, parsley, or chopped greens onions as desired. ",1,"crushed, 56g",,170,5,6,32178,7,10,448,6,Corn Casserole with Green Chiles
65,4,10,,Appetizer,American,"Get the best of everything this holiday season with this low-fat, high-protein ,. This creamy dip is a blend of spicy, sweet, and tart and super easy to make. Made with only fresh ingredients, this lightened up holiday dip is one you can feel great about serving.",3,1,High Protein Cranberry Jalapeno Dip,https://ohsnapmacros.com/wp-content/uploads/2023/11/cranberryjalapenodip-14-300x300.jpg,10,"[{'amount': '1.5', 'unit': 'cups', 'name': 'low-fat cottage cheese', 'notes': '330g'}, {'amount': '1/2', 'unit': 'cup', 'name': 'non-fat Greek yogurt', 'notes': '112g'}, {'amount': '4', 'unit': 'oz.', 'name': '1/3 less fat cream cheese', 'notes': 'softened'}, {'amount': '1', 'unit': 'cup', 'name': 'fresh cranberries', 'notes': 'finely chopped'}, {'amount': '2', 'unit': 'small', 'name': 'jalapeños ', 'notes': 'seeded and finely chopped'}, {'amount': '1/4', 'unit': 'cup', 'name': 'red onion', 'notes': 'finely chopped'}, {'amount': '2', 'unit': 'Tbsp.', 'name': 'fresh cilantro', 'notes': 'chopped'}, {'amount': None, 'unit': None, 'name': 'juice and zest of one lime', 'notes': None}, {'amount': '2', 'unit': 'Tbsp.', 'name': 'honey or agave', 'notes': 'adjust based on desired sweetness'}, {'amount': None, 'unit': None, 'name': 'salt and pepper ', 'notes': 'to taste'}]","In a blender or food processor, blend the cottage cheese until smooth.,In a mixing bowl, combine the smoothed cottage cheese, Greek yogurt, and cream cheese. Mix until well combined. Set aside.,In a food processor, pulse the cranberries, jalapenos, red onion and cilantro until finely chopped. If you want a chunky dip leave them roughly chopped. The finer you chop the smoother the dip will be. ,Add the honey, lime zest and lime juice to the yogurt mixture and mix to combine. Add the chopped cranberries, jalapenos, red onion and cilantro and mix well, ensuring that the mix-ins evenly combine throughout the dip. If you prefer a sweeter taste, adjust by adding more honey or agave nectar. ,Cover the dip and refrigerate for at least 2 hours. This chilling period allows the flavors to intensify and meld together.,When done chilling remove from refrigerate and transfer to a serving dish. and serve with crackers, veggies, pita chips or fresh bread ",,to taste,,52,10,6,37011,2,10,150,3,Cranberry Jalapeno Dip
275,28,81,50,Breakfast,American,"This high protein , is the perfect dish to share. Made with fluffy brioche bread and a walnut cinnamon sugar topping, this decadent breakfast is made with lighter ingredients for an easy breakfast casserole everyone will love. ",12,1,High Protein Brioche French Toast Casserole,https://ohsnapmacros.com/wp-content/uploads/2023/04/Briochefrenchtoastcasserole11-300x300.jpg,16,"[{'amount': '1', 'unit': 'loaf', 'name': 'brioche bread', 'notes': 'cut into 1-inch cubes, 14 slices'}, {'amount': '3', 'unit': None, 'name': 'eggs', 'notes': None}, {'amount': '1/2 ', 'unit': 'cup', 'name': 'liquid egg whites', 'notes': '120g'}, {'amount': '1 1/2', 'unit': 'cup', 'name': 'low fat 1% milk (or dairy-free milk of choice)', 'notes': '360g'}, {'amount': '1', 'unit': 'cup', 'name': None, 'notes': '95g'}, {'amount': '1/4', 'unit': 'cup', 'name': 'maple syrup', 'notes': '60g'}, {'amount': '1', 'unit': 'tsp.', 'name': 'pure vanilla extract', 'notes': None}, {'amount': '1/2 ', 'unit': 'tsp.', 'name': 'ground cinnamon', 'notes': None}, {'amount': '1/4', 'unit': 'tsp.', 'name': 'ground nutmeg', 'notes': None}, {'amount': '1/4', 'unit': 'tsp.', 'name': 'salt', 'notes': None}, {'amount': '2', 'unit': 'Tbsp.', 'name': 'unsalted butter', 'notes': 'melted'}, {'amount': '1/2', 'unit': 'cup', 'name': None, 'notes': None}, {'amount': '1/4', 'unit': 'cup', 'name': 'maple syrup', 'notes': '60g'}, {'amount': '1/2', 'unit': 'tsp.', 'name': 'ground cinnamon', 'notes': None}, {'amount': '1/4', 'unit': 'tsp.', 'name': 'salt', 'notes': None}, {'amount': '1/4', 'unit': 'cup', 'name': 'chopped walnuts', 'notes': 'Optional: pecans, walnuts or almonds'}]","Spray a a 9×13-inch baking dish with cooking spray, being sure to get all edges well. Cube the brioche bread and arrange it across the bottom of the dish.,In a large bowl, whisk together the eggs, milk, protein powder, maple syrup, vanilla extract, cinnamon, nutmeg, and salt until well combined.,Pour the egg mixture evenly over the bread cubes, making sure all the bread is soaked. Use a spatula to gently press down on the bread to help it absorb the liquid. Cover the dish with plastic wrap or foil and refrigerate for at least 2 hours, up to overnight.,When you’re ready to cook the casserole, preheat your oven to 350 degrees Fahrenheit. ,Prepare the topping by combining the melted butter, almond flour, maple syrup, cinnamon, and salt in a small bowl. Mix until well combined. ,Remove the casserole from the refrigerator and uncover it. Using a spoon, spoon the topping across the top evenly and using the back of the spoon spread it across the top so the entire casserole is covered. ,Bake the casserole for 45-50 minutes, or until the top is golden brown and the center is set. If the topping is browning too quickly, loosely cover the dish with aluminum foil.,Remove the casserole from the oven and let it cool for 5-10 minutes before serving. Cut it into equal squares and serve with maple syrup and fresh berries on top.",1,"Optional: pecans, walnuts or almonds",1,143,10,15,28417,4,12,293,12,Brioche French Toast Casserole
667,32,180,,"Appetizer, Main Course, Snack",American,"Say goodbye to hours of cooking time. These , are the way ribs should be. Fall-off-the-bone tender with a sweet and savory Asian-inspired honey sauce, this short ribs recipe is packed with flavor and made in a fraction of the time in an instant pot. ",42,,Sweet and Savory Instant Pot Beef Short Ribs,https://ohsnapmacros.com/wp-content/uploads/2023/12/beefshortribs-22-300x300.jpg,23,"[{'amount': '4', 'unit': 'lbs.', 'name': 'beef short ribs, bone-in', 'notes': None}, {'amount': '1', 'unit': 'Tbsp.', 'name': 'olive oil', 'notes': 'for searing '}, {'amount': '2', 'unit': 'Tbsp.', 'name': 'light brown sugar', 'notes': 'or sugar substitute'}, {'amount': '2', 'unit': 'tsp.', 'name': 'garlic powder', 'notes': None}, {'amount': '2', 'unit': 'tsp.', 'name': 'onion powder', 'notes': None}, {'amount': '2', 'unit': 'tsp.', 'name': 'smoked paprika', 'notes': None}, {'amount': '1', 'unit': 'tsp.', 'name': 'salt', 'notes': None}, {'amount': None, 'unit': None, 'name': 'fresh cracked black pepper', 'notes': None}, {'amount': '1', 'unit': 'cup', 'name': 'reduced-sodium beef broth', 'notes': None}, {'amount': '8', 'unit': 'oz.', 'name': 'hoisin sauce', 'notes': None}, {'amount': '1/4', 'unit': 'cup', 'name': None, 'notes': 'or soy sauce'}, {'amount': '1/4', 'unit': 'cup', 'name': 'light brown sugar', 'notes': 'or sugar substitie '}, {'amount': '1/4', 'unit': 'cup ', 'name': 'honey', 'notes': 'or maple syrup'}, {'amount': '4', 'unit': 'cloves', 'name': 'garlic', 'notes': 'minced'}, {'amount': '1', 'unit': 'Tbsp.', 'name': 'ginger', 'notes': 'minced'}, {'amount': '1', 'unit': 'Tbsp.', 'name': 'sesame oil', 'notes': None}, {'amount': '2', 'unit': 'tsp.', 'name': 'rice vinegar', 'notes': None}, {'amount': '3', 'unit': 'Tbsp.', 'name': 'cornstarch or arrowroot (use more if needed)', 'notes': 'for thickening the sauce'}, {'amount': '4-5', 'unit': 'Tbsp.', 'name': 'water', 'notes': 'mixed with cornstarch'}, {'amount': '1/2', 'unit': 'tsp.', 'name': 'chili paste or sriracha, for heat', 'notes': 'optional'}, {'amount': None, 'unit': None, 'name': 'green onions', 'notes': None}, {'amount': None, 'unit': None, 'name': 'toasted sesame seeds', 'notes': None}, {'amount': None, 'unit': None, 'name': 'red pepper flakes', 'notes': None}]","Mix together all the dry rub ingredients. Apply generously to the beef short ribs, ensuring all sides are coated. I like to do this by sprinkling the rub onto a baking sheet and pressing the ribs into the rub. Allow the ribs to marinate on a baking sheet for at least 1 hour in the refrigerator.,Turn on the Instant Pot's 'Sauté' function. Add olive oil. Once the oil is hot, add the ribs and sear on all sides until browned. Remove ribs and set aside. You may need to work in batches. ,Pour in a bit of beef broth to deglaze the pot, scraping up the brown bits from the bottom with a wooden spoon.,In a bowl, mix together hoisin sauce, coconut aminos, brown sugar, honey, minced garlic, ginger, sesame oil, rice vinegar, and chili paste or sriracha (if using).,Return the seared ribs to the Instant Pot, arranging so most, if not all, are in an even layer along the bottom of the pot. Pour the sauce mixture over them. Add the remaining beef broth. Secure the lid and set the pressure release to 'Sealing'. Cook on 'Manual' or 'Pressure Cook' high pressure for 40 minutes.,Once done, let the pressure naturally release for 15 minutes, then manually release any remaining pressure.,Remove the ribs. Set the Instant Pot to 'Sauté' mode. Mix cornstarch (or arrowroot powder) with 4-5 tablespoons of water to form a slurry. Stir this into the sauce and let it simmer until thickened to a sticky consistency.,Return the ribs to the pot to coat them in the sticky sauce. Plate the ribs and drizzle with additional sauce. Garnish with sliced green onions, toasted sesame seeds and red pepper flakes (optional). ",2,,1,73,10,41,39632,19,8,801,28,Instant Pot Short Ribs
169,21,31,25,"Breakfast, Dessert, Side Dish",American,"Decadent, chocolatey and 6 grams of protein each, these , are a dessert in muffin form. A perfect mix of fudgy peanut butter brownies and fluffy muffins, these are easy to make and perfect any time of day. ",8,2,Chocolate Greek Yogurt Peanut Butter Muffins,https://ohsnapmacros.com/wp-content/uploads/2023/05/chocolatepeanutbuttermuffins-4-300x300.jpg,12,"[{'amount': '1', 'unit': 'cups', 'name': 'all purpose flour', 'notes': '120g'}, {'amount': '1/2', 'unit': 'cup', 'name': 'unsweetened cocoa powder', 'notes': None}, {'amount': '1/4', 'unit': 'cup', 'name': 'granulated sugar', 'notes': 'or sugar subsitute '}, {'amount': '1', 'unit': 'tsp.', 'name': 'baking powder', 'notes': None}, {'amount': '1/2', 'unit': 'tsp.', 'name': 'baking soda', 'notes': None}, {'amount': '1/4', 'unit': 'tsp.', 'name': 'salt', 'notes': None}, {'amount': '2', 'unit': 'large', 'name': 'eggs', 'notes': None}, {'amount': '1', 'unit': 'cup', 'name': 'plain Greek yogurt (5% preferred) ', 'notes': '224g'}, {'amount': '1/2', 'unit': 'cup', 'name': 'unsweetened Vanilla almond milk', 'notes': 'or any milk preferred '}, {'amount': '1/4', 'unit': 'cup', 'name': 'creamy peanut butter ', 'notes': 'or nut butter'}, {'amount': '1', 'unit': 'tsp.', 'name': 'vanilla extract', 'notes': None}, {'amount': '1/2', 'unit': 'cup', 'name': 'chocolate chips', 'notes': None}]","Preheat your oven to 350 degrees Fahrenheit and prepare a muffin tin with liners.,In a bowl, whisk together the flour, cocoa powder, sugar, baking powder, baking soda, and salt.,In another bowl, beat the eggs and then mix in the Greek yogurt, almond milk, peanut butter, and vanilla extract.,Combine the wet and dry ingredients, stirring until just mixed. Fold in the chocolate chips into the batter. ,Fill the 12 muffin tins about 3/4 full with the batter. Bake for 13-15 minutes or until a toothpick comes out clean.,Let the muffins cool before serving.,Optional: top with additional chocolate chips before baking. Or swirl additional peanut butter into the tops or drizzle on top when serving with flakey sea salt. ",2,,1,58,10,6,29346,3,12,138,10,Chocolate Peanut Butter Muffins
125,5,27,30,"Appetizer, Side Dish",American,"This high-protein, low fat hot , is the perfect party appetizer! A creamy lightened-up version of the classic filled with decadent cheeses, fresh crab meat, artichoke hearts and zero guilt.",5,,High Protein Low-Calorie Crab Spinach and Artichoke Dip,https://ohsnapmacros.com/wp-content/uploads/2023/11/crabartichokespinachdip-300x300.jpg,16,"[{'amount': '1', 'unit': 'cup', 'name': 'low-fat cottage cheese', 'notes': '220g'}, {'amount': '1', 'unit': 'cup', 'name': 'non-fat Greek yogurt', 'notes': '226g'}, {'amount': '1/4', 'unit': 'cup', 'name': 'light mayoniase', 'notes': '60g'}, {'amount': '4', 'unit': 'cloves', 'name': 'garlic', 'notes': 'minced'}, {'amount': '1', 'unit': 'Tbsp.', 'name': 'lemon juice', 'notes': None}, {'amount': '1', 'unit': 'tsp.', 'name': 'salt', 'notes': None}, {'amount': '1/4', 'unit': 'tsp', 'name': 'black pepper or fresh cracked pepper', 'notes': 'to taste'}, {'amount': '1/4', 'unit': 'tsp.', 'name': 'crushed red pepper flakes', 'notes': 'optional'}, {'amount': '8', 'unit': 'oz.', 'name': None, 'notes': 'fresh or canned'}, {'amount': '8', 'unit': 'oz.', 'name': 'frozen spinach', 'notes': 'thawed and squeezed dry'}, {'amount': '7.6', 'unit': 'oz.', 'name': 'jarred artichoke hearts', 'notes': 'drained and chopped'}, {'amount': '1/2', 'unit': 'cup', 'name': 'parmesan cheese', 'notes': 'shredded or grated, 56g'}, {'amount': '1/4', 'unit': 'cup', 'name': 'Monterey Jack cheese', 'notes': 'shredded, 28g'}, {'amount': '2', 'unit': None, 'name': 'green onions', 'notes': 'thinly sliced, for garnish'}, {'amount': None, 'unit': None, 'name': 'fresh parsley ', 'notes': 'chopped, for garnish'}, {'amount': None, 'unit': None, 'name': 'dash of hot sauce', 'notes': None}]","Preheat your oven to 375 degrees Fahrenheight. Begin by preparing all your ingredients. Drain and rinse the crab meat ensuring there are no shells. Thaw the frozen spinach and use paper towels or a clean kitchen towel to squeeze out all the excess moisture. Chop the artichoke hearts and set aside.,In a blender, food processor or a immersion blender, puree the cottage cheese until smooth. This will create a creamy base for the dip.,In a large mixing bowl, combine the smoothed cottage cheese, Greek yogurt, light maypnnaise, minced garlic, lemon juice, salt, black pepper, and red pepper flakes if using. Stir until well combined.,Fold in the crab meat, squeezed spinach, chopped artichokes, and half of the Parmesan cheese. Mix until all ingredients are evenly distributed.,Pour the mixture into a 8×8-inch baking dish, spreading it out evenly. Sprinkle the top with the remaining Parmesan cheese and the shredded monterey jack.,Place the baking dish in the preheated oven and bake for 25-30 minutes, or until the top is golden brown and the edges are nice and bubbly. You can broil the top for 1-2 minutes at the end to really brown the top if preferred. ,Remove from the oven and allow to cool slightly before garnishing with sliced green onions and chopped fresh parsley. ",1,,1,44,15,13,36985,2,10,428,2,Crab Spinach Artichoke Dip
158,14,29,15,Dessert,American,"These, have a buttery graham cracker crust with a creamy eggnog filling. Made with light cream cheese, this eggnog dessert is every bit as rich and delicious as classic cheesecake but a little lighter. This bite-sized treat is the perfect dessert to make ahead of time and bring to your next holiday party.",10,,Mini Eggnog Cheesecakes with Graham Cracker Crust,https://ohsnapmacros.com/wp-content/uploads/2023/12/minieggnogcheesecakes-300x300.jpg,12,"[{'amount': '2.7', 'unit': 'oz.', 'name': 'graham crackers', 'notes': '5 sheets'}, {'amount': '2', 'unit': 'Tbsp.', 'name': 'coconut oil or butter', 'notes': 'melted 20g'}, {'amount': '1/4', 'unit': 'tsp.', 'name': 'ground nutmeg', 'notes': None}, {'amount': '8', 'unit': 'oz.', 'name': 'less fat cream cheese', 'notes': 'softened to room temperature'}, {'amount': '1/3', 'unit': 'cup', 'name': 'granulated sugar', 'notes': '74g (or sugar substitute)'}, {'amount': '1/2', 'unit': 'cup', 'name': 'eggnog ', 'notes': 'choose good quality for better flavor'}, {'amount': '1/2', 'unit': 'Tbsp.', 'name': 'all-purpose flour', 'notes': None}, {'amount': '1', 'unit': 'tsp.', 'name': 'vanilla extract ', 'notes': None}, {'amount': '1/2', 'unit': 'tsp.', 'name': 'ground nutmeg', 'notes': None}, {'amount': '1', 'unit': None, 'name': 'egg', 'notes': None}, {'amount': None, 'unit': None, 'name': 'whipped topping', 'notes': None}, {'amount': None, 'unit': None, 'name': 'ground cinnamon ', 'notes': None}]","Preheat the oven to 325 degrees Fahrenheit and line a muffin tin with cupcake liners and spray with nonstick spray. ,In a food processor, crumble the graham crackers and nutmeg until well crushed and you have a bowl of fine crumbs. ,Pour in the melted coconut oil or butter and pulse to combine. The mixture should resemble wet sand.  ,Evenly split the graham cracker crust in the bottom of each liner in the muffin pan and press firmly into the bottom.  Bake for 6-10 minutes or until the edges begin to brown. Allow to cool while making the cheesecake filling. ,To make the cheesecake filling, in a large bowl beat the less-fat cream cheese and sugar until light and fluffy with a hand or electric mixer, about 3-5 minutes. The sugar should not be grainy at this point but well incorporated into the cream cheese.  ,Mix in the eggnog, vanilla extract, nutmeg and flour until incorporated.  ,Slowly beat in the large egg, just until combined. Do not overmix your cheesecake batter. ,Distribute the cheesecake filling in each prepared and cooled crust using the cookie scoop. Evenly distributed between all 12 muffin tins.,Bake cheesecakes for 14-15 minutes or until the edges are set and the middle slightly wobbles.  ,Allow the mini cupcakes to cool to room temperature, cover with plastic wrap, and refrigerate for 4 hours or overnight for best results.  ,When ready to serve, remove from the baking pan, top with whipped topping, cinnamon and serve. ",1,,,17,5,3,42042,7,12,117,9,Eggnog Cheesecakes
277,15,75,,Main Course,Italian,"This , is a twist on a comfort food classic. With layers of ,, rich and flavorful cottage cheese spinach filling, this lighter version of traditional lasagna has everything you'd expect from this beloved meal. The whole family is guaranteed to have dancing taste buds after the first bite. ",14,2,Delicious Cottage Cheese Lasagna with Beef and Spinach,https://ohsnapmacros.com/wp-content/uploads/2024/01/cottagecheeselasagna-300x300.jpg,21,"[{'amount': '1', 'unit': 'Tbsp.', 'name': 'olive oil', 'notes': None}, {'amount': '4', 'unit': 'cloves', 'name': 'garlic', 'notes': 'roughly chopped'}, {'amount': '1', 'unit': 'small', 'name': 'yellow onion', 'notes': 'chopped'}, {'amount': '1', 'unit': 'lb.', 'name': 'lean ground beef', 'notes': '96/4'}, {'amount': '1', 'unit': 'tsp.', 'name': 'oregano ', 'notes': None}, {'amount': '1', 'unit': 'tsp.', 'name': 'Italian seasoning', 'notes': None}, {'amount': '1', 'unit': 'tsp.', 'name': 'paprika', 'notes': None}, {'amount': '1/2', 'unit': 'tsp.', 'name': 'chili powder', 'notes': None}, {'amount': '1', 'unit': 'tsp.', 'name': 'salt', 'notes': None}, {'amount': '1/2', 'unit': 'tsp.', 'name': 'black pepper or fresh cracked', 'notes': 'to taste'}, {'amount': '32', 'unit': 'oz.', 'name': 'jar of marinara sauce ', 'notes': '(I use Raos)'}, {'amount': '16', 'unit': 'oz.', 'name': 'low fat small curd cottage cheese', 'notes': 'Good Culture for best flavor'}, {'amount': '2', 'unit': None, 'name': 'eggs', 'notes': None}, {'amount': '1/2', 'unit': 'cup', 'name': 'parmesan cheese', 'notes': 'shredded, 56g'}, {'amount': '1/2', 'unit': 'tsp.', 'name': 'oregano', 'notes': None}, {'amount': '1/2', 'unit': 'tsp.', 'name': 'Italian seasoning', 'notes': None}, {'amount': '1/2', 'unit': 'tsp.', 'name': 'salt', 'notes': None}, {'amount': None, 'unit': None, 'name': 'fresh cracked pepper or pinch of black pepper', 'notes': None}, {'amount': '10', 'unit': 'oz.', 'name': 'frozen spinach', 'notes': 'defrosted and strained '}, {'amount': '8', 'unit': None, 'name': 'oven ready lasagna noodles', 'notes': 'Barilla'}, {'amount': '2', 'unit': 'cups', 'name': 'low moisture mozzarella cheese', 'notes': 'shredded, 224g'}]","Pre-heat the oven to 375 degrees Fahrenheit. Heat oil in a large skillet over medium heat. Add the garlic and onions to the pan and cook until nice and browned, approximately 3-5 minutes.,Add the ground beef to the pan and break into bite size pieces. Cook until fully cooked through, mixing often, approximately 5 minutes. ,Add the oregano, italian seasoning, paprika, chili powder, salt and pepper to the beef mixture and combine to evenly coat. ,Add sauce, combine and simmer while you prepare the cottage cheese filling. ,For the filling: combine the cottage cheese, eggs, parmesan cheese, oregano, Italian seasoning, salt and pepper and mix well to combine. ,Add the defrosted and strained spinach to the cottage cheese mixture and mix to combine.,Spray a 9×13 inch baking dish with non stick cooking spray. Add a dollop of the meat mixture to the bottom of the dish to lightly coat the bottom. Top with 4 noodles, the noodles are the width of the baking dish (short side) not the length. ,Top the noodles evenly with ½ cup mozzarella cheese (56g), followed by half the meat mixture. Use a spoon or spatula to evenly spread the mixture over the noodles. Top the meat mixture with half the cottage cheese filling and spread to coat the top. Repeat with 4 noodles, ½ cup cheese, remaining meat mixture, remaining cottage cheese filling and 1 cup cheese on top.,Place the baking dish on a baking sheet to catch any overflow. Cover the dish with foil, try to avoid touching the cheese on top so that it doesn’t stick to the foil. Bake for 50 minutes. ,Remove the foil and bake an additional 10-15 minutes until the cheese is melted and browned and the sauce is nice and bubbly at the edges. ,Top with freshly chopped parsley and cut into 12 equal servings and enjoy this easy lasagna recipe. ",1,"shredded, 224g",,183,30,22,43572,6,12,849,4,Cottage Cheese Lasagna
122,12,1,12,Snack,American,"This easy protein , is flavorful, great with yogurt and a easy grab and go snack. Using minimal ingredients you’ll have delicious sweet low carb granola in under 20 minutes. ",7,2,Peppermint White Chocolate Granola,https://ohsnapmacros.com/wp-content/uploads/2022/11/ohsnapmacros-80445-300x300.jpg,7,"[{'amount': '1', 'unit': 'cup', 'name': None, 'notes': '80g'}, {'amount': '2', 'unit': 'cups', 'name': None, 'notes': '34g'}, {'amount': '1', 'unit': 'scoop', 'name': None, 'notes': '31g'}, {'amount': '1/4', 'unit': 'tsp.', 'name': 'Peppermint Extract', 'notes': None}, {'amount': '1/4', 'unit': 'cup', 'name': None, 'notes': '50ml'}, {'amount': '1/4', 'unit': 'cup', 'name': None, 'notes': '50ml'}, {'amount': '1/3', 'unit': 'cup', 'name': ""White Chocolate Chips (Lily's) "", 'notes': '55g'}]","Preheat the oven to 350 degrees Fahrenheit. ,Combine the oats, puffed rice and vanilla protein powder in a bowl and whisk together. ,Melt the coconut oil and add to the bowl of dry ingredients. Add the syrup, peppermint extract and stir together so everything is evenly coated. ,Spread the granola onto a parchment lined baking sheet so that there are no large clumps with a lot of spaces between the granola. This will help it dry out while baking. ,Bake for 15 minutes, remove and mix up the granola. Place back in the oven for 2-6 minutes, checking every couple minutes to ensure you do not burn the granola and remove once it is dry and crumbly. ,Sprinkle to white chocolate chips over the top and place back in the oven for 2-6 minutes, checking every couple minutes to ensure you do not burn the granola and remove once it is dry and crumbly. Let the granola cook on the baking dish so the chocolate sticks to the pieces. ,Break into chunks and enjoy your peppermint white chocolate granola! ",1,55g,1,14,5,4,18034,5,10,21,2,Peppermint White Chocolate Granola
165,30.8,9.2,10,Side Dish,American,"These , are the perfect side dish for any special occasion. Made with Greek yogurt for extra protein and fat-free half and half, these healthier mashed potatoes are fluffy and light with a rich creamy texture. Dress up this classic recipe with your favorite fixings and watch them disappear. ",3.3,2.3,Creamy Greek Yogurt Mashed Potatoes,https://ohsnapmacros.com/wp-content/uploads/2022/11/ohsnapmacros-80380-300x300.jpg,5,"[{'amount': '5', 'unit': 'lbs.', 'name': 'russet potatoes', 'notes': 'peeled and cubed'}, {'amount': '3/4', 'unit': 'cup', 'name': '0% Nonfat Fage Greek Yogurt', 'notes': '170g'}, {'amount': '1/2', 'unit': 'cup', 'name': 'fat free half and half ', 'notes': '105g'}, {'amount': '4', 'unit': 'tbsp.', 'name': 'butter', 'notes': 'cubed'}, {'amount': None, 'unit': None, 'name': 'salt and pepper to taste', 'notes': None}]","Peel the potatoes and rinse. Chop into 2-inch chunks. ,Place in a large pot of cold water, covering the potatoes completely. Bring to a boil and boil for 15-20 minutes until the potatoes are fork tender. Drain the water. ,Using a potato masher, start to mash the potatoes. Once halfway mashed, add the Greek yogurt, butter (cut into cubes) and half and half. Continue mashing and mixing until you have a smooth consistency and everything is fully combined. ,Season the potatoes with salt and pepper to taste. Serve and enjoy! ",1,,0.1,709.9,20,4.6,17704,2.1,11,13,,Greek Yogurt Mashed Potatoes
186,12,90,30,Breakfast,American,"This , is perfect for holiday mornings, lazy Sundays and meal prep. Ready in less then 30 minutes, this easy make-ahead breakfast is healthy, full of flavor and is the perfect dish to share.",7,2,Dairy Free Breakfast Casserole with Turkey Sausage,https://ohsnapmacros.com/wp-content/uploads/2022/04/dairyfreeeggcasserole-1-300x300.jpg,13,"[{'amount': '6', 'unit': None, 'name': 'Johnsonville turkey sausage links', 'notes': None}, {'amount': '1', 'unit': None, 'name': 'medium sweet potato', 'notes': '300g, chopped with skin on'}, {'amount': '1/2', 'unit': None, 'name': 'large yellow onion', 'notes': '150g, chopped'}, {'amount': '1', 'unit': 'tsp.', 'name': 'olive oil', 'notes': None}, {'amount': '1', 'unit': 'clove', 'name': 'garlic', 'notes': 'minced'}, {'amount': '1', 'unit': 'cup', 'name': 'spinach', 'notes': 'chopped'}, {'amount': '1/4', 'unit': 'cup', 'name': 'water', 'notes': None}, {'amount': '16', 'unit': 'oz.', 'name': 'liquid egg whites', 'notes': None}, {'amount': '2', 'unit': None, 'name': 'eggs', 'notes': None}, {'amount': '1/4', 'unit': 'cup', 'name': 'unsweetened almond milk', 'notes': None}, {'amount': '1', 'unit': 'tsp.', 'name': '\xa0paprika', 'notes': None}, {'amount': '1/4', 'unit': 'tsp.', 'name': 'cayenne pepper ', 'notes': None}, {'amount': None, 'unit': None, 'name': 'dash of salt and pepper', 'notes': None}]","Pre-heat oven to 375 degrees Fahrenheit. Spray a 9×13 inch baking dish with nonstick spray and set aside.,Prep your veggies: chop sweet potato into bite-sized pieces, chop onion and mince garlic.,Heat a pan over medium heat. Add 1 tsp. olive oil until hot. Add garlic and sauté until fragrant. ,Add onions, sweet potatoes and 1/4 cup of water. Sauté until the potato begins to soften. Approximately 10 mins.,While the potatoes cook, chop turkey sausage and spinach into bite-sized pieces. Add sausage and spinach to the potatoes and mix until the spinach has wilted.,In a large bowl, mix eggs, egg whites, almond milk, paprika, cayenne. Be sure to scramble the yolks.,Place the potato mixture in the greased baking dish and top with the egg mixture. Sprinkle with a dash of salt and pepper.,Place in the oven for 25-30 minutes until the eggs have fully cooked. Note, bake times will vary from oven to oven. Check that your eggs are done. Serve your casserole hot.",2,,1,206,15,16,19129,2,6,396,5,Dairy Free Egg Casserole
231,33.5,14.7,50,Side Dish,American,"A lightened up version of Mom’s famous, delicious and easy ,It's buttery and moist with the added twist of protein-packed bread for a healthy stuffing recipe that will be a favorite for years to come. ",7.6,3.6,Holiday Stuffing using Dave’s Killer White Bread,https://ohsnapmacros.com/wp-content/uploads/2022/11/ohsnapmacros-80368-300x300.jpg,15,"[{'amount': '1', 'unit': 'package', 'name': ""Dave's Killer White Bread Done Right Thin-Sliced"", 'notes': '21 slices'}, {'amount': '2', 'unit': 'Tbsp.', 'name': 'unsalted butter', 'notes': None}, {'amount': '2', 'unit': None, 'name': 'garlic cloves', 'notes': 'minced'}, {'amount': '1', 'unit': None, 'name': 'yellow onion', 'notes': 'chopped'}, {'amount': '2', 'unit': None, 'name': 'celery stalks', 'notes': 'chopped'}, {'amount': '8', 'unit': 'oz.', 'name': 'sliced baby bella mushrooms', 'notes': None}, {'amount': '1/3', 'unit': 'cup ', 'name': 'chicken stock ', 'notes': 'used at different times'}, {'amount': '2', 'unit': 'cups', 'name': 'chicken stock', 'notes': 'used at different times'}, {'amount': '2', 'unit': None, 'name': 'eggs', 'notes': None}, {'amount': '3/4', 'unit': 'cup', 'name': 'shredded parmesan cheese', 'notes': None}, {'amount': '1', 'unit': 'jar', 'name': 'whole artichoke hearts (9.9oz jar)', 'notes': 'drained and chopped'}, {'amount': '1/2', 'unit': 'tsp.', 'name': 'poultry seasoning', 'notes': None}, {'amount': '1/4', 'unit': 'tsp.', 'name': 'dried rosemary', 'notes': None}, {'amount': '1/2', 'unit': 'tsp.', 'name': 'salt', 'notes': None}, {'amount': None, 'unit': None, 'name': 'fresh cracked black pepper to taste', 'notes': None}]","Preheat oven to 350 degrees Fahrenheit.,Slice the bread into bite-sized chunks, leaving the crust on. Place on a baking sheet. You may need to use two. ,Bake for 15 minutes. Shake the baking sheet and place back in the oven for 10 minutes. ,While the bread bakes, add 2 tbsp. of butter to a large saute pan over medium heat. Once melted, add garlic, onion, and mushrooms. Cook on medium-high heat stirring often for approximately 15-20 minutes or until the mixture is golden brown.,Add 1/3 cup chicken stock to the mushrooms mixture. Using a wooden spoon, scrape all the browned bits from the bottom of the pan.,Add the stock and mushroom mixture to a large mixing bowl. Add the dried bread cubes, cheese, seasonings and chopped artichoke hearts. Toss to evenly mix. ,In a separate bowl, whisk together to remaining 2 cups of chicken stock and 2 eggs. Pour on top of the stuffing mixture. Mix together to get everything evenly coated with the broth mixture. ,Place the stuffing in a 9×9 or 8×8 casserole dish. Bake, covered with foil, for 30 minutes at 350 degrees Fahrenheit. Uncover and bake an additional 20 minutes. Cooking time will vary depending on size of pan. Serve and enjoy!",1.7,,0.1,83.8,25,9.8,17636,2.6,10,435,5.8,Holiday Stuffing
422,39,49,15,Main Course,"American, Italian","This , is a dream come true on a busy night. An easy, high-protein recipe that tastes like a classic lasagna but requires no layering or baking. Loaded with protein, Italian flavors and simple ingredients, this delicious deconstructed lasagna is a weeknight favorite. ",15,2,Lazy Lasagna Skillet with Ground Beef (No Raviolis),https://ohsnapmacros.com/wp-content/uploads/2021/10/Lazylasagna-16-300x300.jpg,15,"[{'amount': '1', 'unit': 'lbs.', 'name': 'lean ground beef ', 'notes': '96/4'}, {'amount': '1', 'unit': 'small', 'name': 'white onion, chopped ', 'notes': '100g'}, {'amount': '1', 'unit': 'Tbsp.', 'name': 'minced garlic', 'notes': None}, {'amount': '1', 'unit': 'tsp.', 'name': 'salt', 'notes': None}, {'amount': '1', 'unit': 'tsp.', 'name': 'black pepper', 'notes': None}, {'amount': '1', 'unit': 'Tbsp.', 'name': 'Italian seasoning', 'notes': None}, {'amount': '1/2', 'unit': 'tsp.', 'name': 'dried basil', 'notes': None}, {'amount': '4', 'unit': 'cups', 'name': 'tomato basil pasta sauce ', 'notes': ""32oz. (I like Rao's)""}, {'amount': '1/2', 'unit': 'cup', 'name': 'beef broth ', 'notes': 'low sodium'}, {'amount': '8', 'unit': 'oz.', 'name': 'rigatoni noodles ', 'notes': 'measured uncooked'}, {'amount': '4', 'unit': 'oz.', 'name': 'low moisture part skim mozzarella cheese', 'notes': 'shredded'}, {'amount': '4', 'unit': 'oz.', 'name': 'part skim ricotta cheese', 'notes': None}, {'amount': None, 'unit': None, 'name': 'fresh chopped basil ', 'notes': None}, {'amount': None, 'unit': None, 'name': 'parmesan cheese', 'notes': None}, {'amount': None, 'unit': None, 'name': 'additional ricotta cheese', 'notes': None}]","Bring a pot of water to a boil for cooking the pasta according to the directions on the box.,While waiting on the water to boil, heat a large pan over medium heat and brown the ground beef while breaking into bite size pieces.,When the meat is almost completely cooked through, stir in the chopped onion, garlic, salt, pepper, Italian seasoning and dried basil. Cook until fragrant and the onions are beginning to soften, approximately 3-5 minutes.,Stir in the marinara sauce and beef broth and set to simmer while you cook the pasta noodles. Add the uncooked pasta to boiling water and boil according to the box instructions (about 13 minutes).,Once pasta is cooked, drain and add to the pan with the meat sauce. Let simmer for 2-3 minutes while mixing the noodles in well to fully combine.,Add the mozzarella and stir together until fully melted. While the lasagna is still hot add the ricotta cheese on top and slightly mix throughout the dish.,Top with freshly chopped basil, parmesan cheese and enjoy.",,,,389,15,31,19365,,6,244,1,Lazy Lasagna
159,20,14,20,Side Dish,American,"This , has air-fried onions, a homemade mushroom cream sauce, crisp green beans and parmesan cheese for a flavorful and lighter alternative to typical green bean casseroles. ",5,3,Fresh Green Bean Casserole with Air Fried Crispy Onions,https://ohsnapmacros.com/wp-content/uploads/2022/11/ohsnapmacros-80398-300x300.jpg,16,"[{'amount': '1', 'unit': None, 'name': 'yellow onion ', 'notes': 'sliced thin'}, {'amount': '1', 'unit': 'cup', 'name': 'fat free half and half', 'notes': None}, {'amount': '1/4', 'unit': 'cup', 'name': 'all-purpose flour', 'notes': None}, {'amount': '2', 'unit': 'Tbsp.', 'name': 'tapioca flour', 'notes': 'or cornstarch '}, {'amount': '1', 'unit': 'tsp. ', 'name': 'cajun seasoning', 'notes': None}, {'amount': '1', 'unit': 'lbs.', 'name': 'fresh green beans', 'notes': 'trimmed'}, {'amount': '2', 'unit': 'Tbsp. ', 'name': 'butter', 'notes': None}, {'amount': '8', 'unit': 'oz.', 'name': 'baby bella mushrooms', 'notes': 'sliced'}, {'amount': '2', 'unit': None, 'name': 'garlic cloves', 'notes': 'minced'}, {'amount': '2', 'unit': 'Tbsp.', 'name': 'tapioca flour', 'notes': 'or 1 Tbsp. cornstarch '}, {'amount': '1', 'unit': 'cup', 'name': 'chicken broth ', 'notes': None}, {'amount': '1/2', 'unit': 'cup', 'name': 'fat-free half and half', 'notes': None}, {'amount': '1', 'unit': 'tsp.', 'name': 'worcestershire sauce', 'notes': None}, {'amount': '2', 'unit': 'tsp. ', 'name': 'salt', 'notes': 'add more to taste'}, {'amount': None, 'unit': None, 'name': 'fresh cracked black pepper ', 'notes': None}, {'amount': '1/2', 'unit': 'cup', 'name': 'parmesan cheese, shredded', 'notes': '56g'}]","Preheat your air fryer. ,Slice one full yellow onion into thin slices. ,Place them in a bowl with 1 cup of fat-free half and half and let them sit while you prep your air fryer and trim your beans (approximately 5-10 minutes). ,Transfer the onions to a zip lock bag pre-loaded with flour, tapioca flour and cajun seasoning. Shake until completely covered. ,Remove half the onions and place them in the air fryer pan. Air fry at 370 degrees Fahrenheit for 8-10 minutes until crispy, shaking half way through to separate the onions, be careful not to burn. Set aside for later. This half will go in the casserole mixture. ,Add 1/4 cup of panko breadcrumbs to the bag with the remaining half of the onions and shake. ,Air fry at 370 degrees Fahrenheit for 8-10 minutes until crispy, shaking half way through cooking to separate the onions. Set aside for later. This half will go on top of the casserole. ,Preheat the oven to 400 degrees Fahrenheit. ,Bring a large pot of water to a rolling boil over high heat and add the green beans. Cook for 5 minutes until bright green, drain and transfer to a bowl of ice water to stop the cooking. ,In the same pan you cooked the green beans, add 2 Tbsp. butter over medium heat. Once melted, add the minced garlic and mushrooms. Cook over medium to medium-high for 5 minutes until the mushrooms are dark brown and soft.,Once soft and browned, add 2 Tbsp. tapioca flour and mix to fully coat the mushrooms. The tapioca will thicken your sauce. ,Add chicken broth, half and half, worcestershire sauce, salt and pepper. Simmer the sauce until it thickens, approximately 5-8 minutes, stirring often so it does not burn. ,Using a slotted spoon, remove the green beans from the ice bath and add to the homemade sauce. Add the first batch of onions and stir everything to fully combine everything. ,Add the green bean mixture to a 9 x 13 baking dish, top with parmesan cheese and bake uncovered for 10 minutes. ,Remove, add the second batch of onions and cook for an additional 10 minutes uncovered. The casserole is done when the sauce is bubbly and the cheese is melted. ,Remove from the oven and serve immediately for the crunchiest onions. ",1,56g,,109,30,8,17799,3,8,825,2,Green Bean Casserole
171,17.3,3.1,2,Salad,American,"The perfect , for the holidays. This salad has just the right amount of crisp and crunch, it is full of flavors and topped with a creamy maple balsamic vinaigrette that could be used on any salad. ",10.7,4.1,Shaved Brussels Sprout Salad,https://ohsnapmacros.com/wp-content/uploads/2022/11/ohsnapmacros-80411-300x300.jpg,14,"[{'amount': '1', 'unit': 'lbs.', 'name': 'fresh brussels sprouts', 'notes': None}, {'amount': '1/2', 'unit': None, 'name': 'pear', 'notes': '4 oz.'}, {'amount': '1/2', 'unit': None, 'name': 'fuji apple ', 'notes': '3 oz.'}, {'amount': '1/2', 'unit': 'cup', 'name': 'pomegranate seeds ', 'notes': None}, {'amount': '1', 'unit': 'oz.', 'name': 'queso fresco', 'notes': 'crumbled '}, {'amount': '1/4', 'unit': 'cup', 'name': 'dried cranberries', 'notes': '40g'}, {'amount': '1/4', 'unit': 'cup', 'name': 'chopped pecans', 'notes': '30g'}, {'amount': '1/4', 'unit': 'cup', 'name': 'balsamic vinegar ', 'notes': '57g'}, {'amount': '1/4', 'unit': 'cup', 'name': 'olive oil', 'notes': '55g'}, {'amount': '2', 'unit': 'tbsp.', 'name': None, 'notes': '30ml'}, {'amount': '1', 'unit': 'tsp.', 'name': 'dijon mustard ', 'notes': '15ml'}, {'amount': None, 'unit': None, 'name': 'lemon juice ', 'notes': '10ml'}, {'amount': None, 'unit': None, 'name': 'pinch of salt ', 'notes': None}, {'amount': None, 'unit': None, 'name': 'fresh cracked pepper', 'notes': None}]","Add all vinaigrette ingredients to a mason jar, salad dressing container or container with a lid. Shake to combine and set aside. This can be made up to two weeks (!!) ahead of time, store in the refrigerator until ready to use. ,Remove any loose, broken or wilted leaves, cut off the ends and cut the brussels sprouts in half. Then using a sharp knife cut into shreds. Add the brussels to a large bowl. ,Chop the apple and pear into bite size pieces and save a few sliced for on top. Add to the bowl with the shaved brussels sprouts. ,Add dried cranberries, raw or toasted pecans, crumble queso fresco and top with the vinaigrette. Mix to combine and serve. ",6.5,,1.5,298.8,15,3.1,17867,1.8,8,64.8,10.5,Shaved Brussels Sprout Salad
202,12,29,15,Dessert,American,"The perfect holiday dessert is here with these mini ,. Creamy and decadent with peppermint flavor and an Oreo crust, these mini cheesecakes are made with Greek yogurt but still rich and indulgent. ",12,1,Mini Greek Yogurt Peppermint Cheesecakes with Oreo Crust,https://ohsnapmacros.com/wp-content/uploads/2023/12/oreopeppermmintcheesecakes-300x300.jpg,12,"[{'amount': '5.5 ', 'unit': 'oz.', 'name': 'oreo cookies', 'notes': '18 cookies'}, {'amount': '1/4', 'unit': 'cup', 'name': 'coconut oil', 'notes': 'melted'}, {'amount': '8', 'unit': 'oz.', 'name': 'less fat cream cheese', 'notes': 'softened'}, {'amount': '1/3', 'unit': 'cup', 'name': 'granulated sugar', 'notes': '74g (or sugar substitute) '}, {'amount': '1/2', 'unit': 'cup', 'name': None, 'notes': '112g'}, {'amount': '1/2', 'unit': 'tsp.', 'name': 'vanilla extract', 'notes': None}, {'amount': '1', 'unit': 'tsp.', 'name': 'peppermint extract', 'notes': None}, {'amount': '1/2', 'unit': 'Tbsp.', 'name': 'all-purpose flour', 'notes': None}, {'amount': '1', 'unit': None, 'name': 'egg', 'notes': None}, {'amount': None, 'unit': None, 'name': 'whipped cream', 'notes': None}, {'amount': None, 'unit': None, 'name': 'crushed oreo cookies', 'notes': None}, {'amount': None, 'unit': None, 'name': 'crushed peppermints ', 'notes': None}]","Preheat the oven to 325 degrees Fahrenheit and line a muffin tin with cupcake liners and spray with nonstick spray. ,Remove the cream from the Oreos so you just have dry cookies. ,In a food processor, crumble the oreo cookies until well crushed and you have a bowl of fine crumbs. Pour in the melted coconut oil or melted butter and pulse to combine. The mixture should resemble wet sand.  ,Using a 1 ½ Tablespoon cookie scoop, place a ¾ scoop full of cookie crust in each liner in the muffin pan and press firmly into the bottom.  Bake for 6-10 minutes or until the edges begin to brown. Allow to cool while making the cheesecake filling. ,To make the cheesecake filling, in a large bowl beat the less-fat cream cheese and sugar until light and fluffy with a hand or electric mixer, about 3-5 minutes. The sugar should not be grainy at this point but well incorporated into the cream cheese.  ,Mix in the greek yogurt, vanilla extract, peppermint extract and flour until incorporated.  ,Slowly beat in the large egg, just until combined. Do not overmix your cheesecake batter.  ,Place 3/4 scoop of the cheesecake filling in each prepared and cooled crust using the cookie scoop. Evenly distribute the filling between all 12 muffin tins. ,Bake cheesecakes for 12-15 minutes or until the edges are set and the middle slightly wobbles.  ,Allow the mini cupcakes to cool to room temperature, cover with plastic wrap, and refrigerate for 4 hours or overnight for best results.  ,When ready to serve, remove from the baking pan, top with whipped topping, crushed peppermint candies, crushed Oreo cookies, and serve. ",2,,1,49,10,3,41858,8,12,153,14,Peppermint Cheesecakes
125,15,4,,Dessert,American,"If you're a fan of biscoff cookies then these melt in your mouth , are a holiday season must. This no-bake dessert is made with dark chocolate, biscoff cookie crumbs and protein powder for a boost of energy. With just a few simple ingredients you can have your cookie butter truffles… and eat them too. ",6,,No-Bake Biscoff Cookie Truffles (with added protein),https://ohsnapmacros.com/wp-content/uploads/2023/10/biscofftruffles-300x300.jpg,7,"[{'amount': '1', 'unit': 'cup', 'name': 'biscoff cookie crumbs', 'notes': '10 cookies'}, {'amount': '4', 'unit': 'Tbsp.', 'name': 'cookie butter', 'notes': '60g'}, {'amount': '1', 'unit': 'scoop', 'name': None, 'notes': '31g'}, {'amount': '2', 'unit': 'Tbsp.', 'name': 'honey', 'notes': None}, {'amount': '1-2', 'unit': 'Tbsp.', 'name': 'almond milk', 'notes': 'see note'}, {'amount': '1/3', 'unit': 'cup', 'name': 'melted dark chocolate ', 'notes': None}, {'amount': '1', 'unit': 'Tbsp.', 'name': 'coconut oil', 'notes': None}]","Crush the Biscoff cookies in a food processor or place them in a ziplock bag and roll over them with a rolling pin until finely crushed.,In a mixing bowl, combine the Biscoff cookie crumbs, Biscoff cookie butter, protein powder, and honey. Mix until everything is well combined. If the mixture seems too dry, add a tablespoon of almond milk at a time until it becomes a moldable consistency. ,Using a 1 Tbsp. cookie scoop, form the mixture into small balls (about 1 inch in diameter or 17 grams each). Place them on a plate lined with parchment paper. Place in the freezer for 30-60 minutes to harden prior to coating in chocolate. ,Add the dark chocolate and coconut oil to a small bowl microwave-safe bowl and melt in 20-second intervals, stirring between each interval, until fully melted.,Dip each truffle into the melted chocolate using a fork or spoon, ensuring they are fully coated. Place them back onto the parchment paper.,Add crushed cookie crumbs on top and place in the refrigerator to set for at least 1 hour. ",,,,29,10,3,37351,2,12,30,10,Biscoff Cookie Truffles
